<mxGraphModel dx="800" dy="800" grid="1" guides="1" tooltips="1" connect="1" fold="1" page="1" pageScale="1" pageWidth="826" pageHeight="1169" style="default-style2"><root><mxCell id="0"/><mxCell id="1" parent="0"/><mxCell id="2" value="&lt;p style=&quot;margin: 0px; margin-top: 4px; text-align: center;&quot;&gt;&lt;strong&gt;Foo&lt;/strong&gt;&lt;/p&gt;&lt;hr /&gt;&lt;p style=&quot;margin: 0px; margin-left: 4px;&quot;&gt;&amp;nbsp;&lt;/p&gt;&lt;hr /&gt;" style="verticalAlign=top;align=left;overflow=fill;fontSize=12;fontFamily=Helvetica;html=1;gradientColor=#FFE6FE" parent="1" vertex="1"><mxGeometry x="240" y="90" width="160" height="90" as="geometry"/></mxCell><mxCell id="3" value="&lt;p style=&quot;margin: 0px; margin-top: 4px; text-align: center;&quot;&gt;&lt;strong&gt;AbstractFooFactory&lt;br /&gt;&lt;/strong&gt;&lt;/p&gt;&lt;hr /&gt;&lt;p style=&quot;margin: 0px; margin-left: 4px;&quot;&gt;&amp;nbsp;&lt;/p&gt;&lt;hr /&gt;&lt;p style=&quot;margin: 0px; margin-left: 4px;&quot;&gt;+ createFoo(): Foo&lt;/p&gt;" style="verticalAlign=top;align=left;overflow=fill;fontSize=12;fontFamily=Helvetica;html=1;gradientColor=#E6FFEE" parent="1" vertex="1"><mxGeometry x="530" y="90" width="160" height="90" as="geometry"/></mxCell><mxCell id="4" value="&lt;p style=&quot;margin: 0px; margin-top: 4px; text-align: center;&quot;&gt;&lt;strong&gt;SpecializedFooFactory&lt;br /&gt;&lt;/strong&gt;&lt;/p&gt;&lt;hr /&gt;&lt;p style=&quot;margin: 0px; margin-left: 4px;&quot;&gt;&amp;nbsp;&lt;/p&gt;&lt;hr /&gt;&lt;p style=&quot;margin: 0px; margin-left: 4px;&quot;&gt;+ createFoo(): Foo&lt;/p&gt;" style="verticalAlign=top;align=left;overflow=fill;fontSize=12;fontFamily=Helvetica;html=1;gradientColor=#E6FFEE" parent="1" vertex="1"><mxGeometry x="530" y="265" width="160" height="90" as="geometry"/></mxCell><mxCell id="5" value="&lt;p style=&quot;margin: 0px; margin-top: 4px; text-align: center;&quot;&gt;&lt;strong&gt;SpecializedFoo&lt;/strong&gt;&lt;/p&gt;&lt;hr /&gt;&lt;p style=&quot;margin: 0px; margin-left: 4px;&quot;&gt;&amp;nbsp;&lt;/p&gt;&lt;hr /&gt;" style="verticalAlign=top;align=left;overflow=fill;fontSize=12;fontFamily=Helvetica;html=1;gradientColor=#FFE6FE" parent="1" vertex="1"><mxGeometry x="240" y="265" width="160" height="90" as="geometry"/></mxCell><mxCell id="9" value="Extends" style="endArrow=block;endSize=16;endFill=0;exitX=0.5;exitY=0;entryX=0.5;entryY=1;fontSize=14" parent="1" source="4" target="3" edge="1"><mxGeometry as="geometry"><mxPoint as="sourcePoint"/><mxPoint x="160" as="targetPoint"/></mxGeometry></mxCell><mxCell id="10" value="Extends" style="endArrow=block;endSize=16;endFill=0;exitX=0.5;exitY=0;entryX=0.5;entryY=1;fontSize=14" parent="1" source="5" target="2" edge="1"><mxGeometry x="40" as="geometry"><mxPoint x="40" as="sourcePoint"/><mxPoint x="200" as="targetPoint"/></mxGeometry></mxCell><mxCell id="15" value="" style="endArrow=classic;startArrow=none;endFill=1;startFill=0;exitX=0;exitY=0.5;entryX=1;entryY=0.5" parent="1" source="3" target="2" edge="1"><mxGeometry as="geometry"><mxPoint as="sourcePoint"/><mxPoint x="160" as="targetPoint"/></mxGeometry></mxCell><mxCell id="16" value="" style="endArrow=classic;startArrow=none;endFill=1;startFill=0;exitX=0;exitY=0.5;entryX=1;entryY=0.5" parent="1" source="4" target="5" edge="1"><mxGeometry as="geometry"><mxPoint as="sourcePoint"/><mxPoint x="160" as="targetPoint"/></mxGeometry></mxCell></root></mxGraphModel>