<mxGraphModel dx="800" dy="800" grid="1" guides="1" tooltips="1" connect="1" fold="1" page="1" pageScale="1" pageWidth="826" pageHeight="1169" style="default-style2"><root><mxCell id="0"/><mxCell id="1" parent="0"/><mxCell id="2" value="&lt;p style=&quot;margin: 0px; margin-top: 4px; text-align: center;&quot;&gt;&lt;em&gt;&amp;lt;&amp;lt;Interface&amp;gt;&amp;gt;&lt;/em&gt;&lt;br /&gt;&lt;strong&gt;Command&lt;/strong&gt;&lt;/p&gt;&lt;hr /&gt;&lt;p style=&quot;margin: 0px; margin-left: 4px;&quot;&gt;&amp;nbsp;&lt;/p&gt;&lt;hr /&gt;&lt;p style=&quot;margin: 0px; margin-left: 4px;&quot;&gt;+ execute()&lt;/p&gt;" style="verticalAlign=top;align=left;overflow=fill;fontSize=12;fontFamily=Helvetica;html=1;gradientColor=#CCE5FF" parent="1" vertex="1"><mxGeometry x="392.5" y="120" width="155" height="95" as="geometry"/></mxCell><mxCell id="3" value="&lt;p style=&quot;margin: 0px; margin-top: 4px; text-align: center;&quot;&gt;&lt;strong&gt;Invoker&lt;/strong&gt;&lt;/p&gt;&lt;hr /&gt;&lt;p style=&quot;margin: 0px; margin-left: 4px;&quot;&gt;&amp;nbsp;&lt;/p&gt;&lt;hr /&gt;" style="verticalAlign=top;align=left;overflow=fill;fontSize=12;fontFamily=Helvetica;html=1;gradientColor=#CCCCCC" parent="1" vertex="1"><mxGeometry x="60" y="120" width="160" height="90" as="geometry"/></mxCell><mxCell id="4" value="Command.execute()" style="edgeStyle=elbowEdgeStyle;elbow=horizontal;exitX=1;exitY=0.5;entryX=0;entryY=0.5;fontSize=14" parent="1" source="3" target="2" edge="1"><mxGeometry width="100" height="100" relative="1" as="geometry"><mxPoint y="100" as="sourcePoint"/><mxPoint x="100" as="targetPoint"/></mxGeometry></mxCell><mxCell id="5" value="&lt;p style=&quot;margin: 0px; margin-top: 4px; text-align: center;&quot;&gt;&lt;strong&gt;ConcreteCommand&lt;br /&gt;&lt;/strong&gt;&lt;/p&gt;&lt;hr /&gt;&lt;p style=&quot;margin: 0px; margin-left: 4px;&quot;&gt;&amp;nbsp;&lt;/p&gt;&lt;hr /&gt;&lt;p style=&quot;margin: 0px; margin-left: 4px;&quot;&gt;+ execute()&lt;/p&gt;" style="verticalAlign=top;align=left;overflow=fill;fontSize=12;fontFamily=Helvetica;html=1;gradientColor=#CCE5FF" parent="1" vertex="1"><mxGeometry x="390" y="300" width="160" height="90" as="geometry"/></mxCell><mxCell id="6" value="Implements" style="endArrow=block;endSize=16;endFill=0;exitX=0.5;exitY=0;entryX=0.5;entryY=1;fontSize=14" parent="1" source="5" target="2" edge="1"><mxGeometry as="geometry"><mxPoint as="sourcePoint"/><mxPoint x="160" as="targetPoint"/></mxGeometry></mxCell><mxCell id="7" value="&lt;p style=&quot;margin: 0px; margin-top: 4px; text-align: center;&quot;&gt;&lt;strong&gt;Receiver&lt;br /&gt;&lt;/strong&gt;&lt;/p&gt;&lt;hr /&gt;&lt;p style=&quot;margin: 0px; margin-left: 4px;&quot;&gt;&amp;nbsp;&lt;/p&gt;&lt;hr /&gt;&lt;p style=&quot;margin: 0px; margin-left: 4px;&quot;&gt;+ action()&lt;/p&gt;" style="verticalAlign=top;align=left;overflow=fill;fontSize=12;fontFamily=Helvetica;html=1;gradientColor=#FFE599" parent="1" vertex="1"><mxGeometry x="60" y="300" width="160" height="90" as="geometry"/></mxCell><mxCell id="9" value="Apel action()&#xa;cu parametri&#xa;corecti" style="edgeStyle=elbowEdgeStyle;elbow=horizontal;fontSize=14;exitX=0;exitY=0.5" parent="1" source="5" target="7" edge="1"><mxGeometry x="0.1111111111111111" y="-10" width="100" height="100" relative="1" as="geometry"><mxPoint x="380" y="350" as="sourcePoint"/><mxPoint x="100" as="targetPoint"/><mxPoint as="offset"/></mxGeometry></mxCell></root></mxGraphModel>