<mxGraphModel dx="800" dy="800" grid="1" guides="1" tooltips="1" connect="1" fold="1" page="1" pageScale="1" pageWidth="826" pageHeight="1169" style="default-style2"><root><mxCell id="0"/><mxCell id="1" parent="0"/><mxCell id="2" value="&lt;p style=&quot;margin: 0px; margin-top: 4px; text-align: center;&quot;&gt;&lt;strong&gt;Subiect&lt;/strong&gt;&lt;/p&gt;&lt;hr /&gt;&lt;p style=&quot;margin: 0px; margin-left: 4px;&quot;&gt;&amp;nbsp;&lt;/p&gt;&lt;hr /&gt;&lt;p style=&quot;margin: 0px; margin-left: 4px;&quot;&gt;+ modificăStare() -&lt;span style=&quot;font-family: Verdana, Arial, Helvetica, sans-serif; font-size: xx-small;&quot;&gt;&lt;em&gt;&amp;nbsp;notifica observatorii&lt;/em&gt;&lt;/span&gt;&lt;/p&gt;&lt;p style=&quot;margin: 0px; margin-left: 4px;&quot;&gt;+ citeșteStare()&lt;/p&gt;&lt;p style=&quot;margin: 0px; margin-left: 4px;&quot;&gt;+ adaugăObservator(Observator)&lt;/p&gt;" style="verticalAlign=top;align=left;overflow=fill;fontSize=12;fontFamily=Helvetica;html=1;gradientColor=#CCCCCC" parent="1" vertex="1"><mxGeometry x="220" y="93.75" width="210" height="112.5" as="geometry"/></mxCell><mxCell id="3" value="&lt;p style=&quot;margin: 0px; margin-top: 4px; text-align: center;&quot;&gt;&lt;strong&gt;Observator&lt;/strong&gt;&lt;/p&gt;&lt;hr /&gt;&lt;p style=&quot;margin: 0px; margin-left: 4px;&quot;&gt;&amp;nbsp;&lt;/p&gt;&lt;hr /&gt;&lt;p style=&quot;margin: 0px; margin-left: 4px;&quot;&gt;+ update()&lt;/p&gt;" style="verticalAlign=top;align=left;overflow=fill;fontSize=12;fontFamily=Helvetica;html=1;gradientColor=#A7DB88" parent="1" vertex="1"><mxGeometry x="550" y="100" width="160" height="100" as="geometry"/></mxCell><mxCell id="4" value="" style="endArrow=none;edgeStyle=orthogonalEdgeStyle;exitX=1;exitY=0.5;fontSize=48" parent="1" source="2" target="3" edge="1"><mxGeometry as="geometry"><mxPoint as="sourcePoint"/><mxPoint x="160" as="targetPoint"/></mxGeometry></mxCell><mxCell id="5" value="1" style="resizable=0;align=left;verticalAlign=bottom;labelBackgroundColor=#ffffff;fontSize=10" parent="4" connectable="0" vertex="1"><mxGeometry x="-1" relative="1" as="geometry"/></mxCell><mxCell id="6" value="*" style="resizable=0;align=right;verticalAlign=bottom;labelBackgroundColor=#ffffff;fontSize=10" parent="4" connectable="0" vertex="1"><mxGeometry x="1" relative="1" as="geometry"/></mxCell><mxCell id="11" value="&lt;p style=&quot;margin: 0px; margin-top: 4px; text-align: center;&quot;&gt;&lt;strong&gt;ObservatorDerivat1&lt;/strong&gt;&lt;/p&gt;&lt;hr /&gt;&lt;p style=&quot;margin: 0px; margin-left: 4px;&quot;&gt;&amp;nbsp;&lt;/p&gt;&lt;hr /&gt;&lt;p style=&quot;margin: 0px; margin-left: 4px;&quot;&gt;+ update()&lt;/p&gt;" style="verticalAlign=top;align=left;overflow=fill;fontSize=12;fontFamily=Helvetica;html=1;gradientColor=#A7DB88" parent="1" vertex="1"><mxGeometry x="430" y="280" width="160" height="100" as="geometry"/></mxCell><mxCell id="12" value="Extends" style="endArrow=block;endSize=16;endFill=0;exitX=0.5;exitY=0;entryX=0.5;entryY=1;edgeStyle=elbowEdgeStyle;elbow=vertical" parent="1" source="11" target="3" edge="1"><mxGeometry as="geometry"><mxPoint as="sourcePoint"/><mxPoint x="160" as="targetPoint"/></mxGeometry></mxCell><mxCell id="13" value="&lt;p style=&quot;margin: 0px; margin-top: 4px; text-align: center;&quot;&gt;&lt;strong&gt;ObservatorDerivat2&lt;/strong&gt;&lt;/p&gt;&lt;hr /&gt;&lt;p style=&quot;margin: 0px; margin-left: 4px;&quot;&gt;&amp;nbsp;&lt;/p&gt;&lt;hr /&gt;&lt;p style=&quot;margin: 0px; margin-left: 4px;&quot;&gt;+ update()&lt;/p&gt;" style="verticalAlign=top;align=left;overflow=fill;fontSize=12;fontFamily=Helvetica;html=1;gradientColor=#A7DB88" parent="1" vertex="1"><mxGeometry x="670" y="280" width="160" height="100" as="geometry"/></mxCell><mxCell id="14" value="Extends" style="endArrow=block;endSize=16;endFill=0;exitX=0.5;exitY=0;entryX=0.5;entryY=1;edgeStyle=elbowEdgeStyle;elbow=vertical" parent="1" source="13" target="3" edge="1"><mxGeometry as="geometry"><mxPoint as="sourcePoint"/><mxPoint x="160" as="targetPoint"/></mxGeometry></mxCell></root></mxGraphModel>