<mxGraphModel dx="800" dy="800" grid="1" guides="1" tooltips="1" connect="1" fold="1" page="1" pageScale="1" pageWidth="826" pageHeight="1169" style="default-style2"><root><mxCell id="0"/><mxCell id="1" parent="0"/><mxCell id="3" value="&lt;p style=&quot;margin: 0px; margin-top: 4px; text-align: center;&quot;&gt;&lt;em&gt;&amp;lt;&amp;lt;Interface&amp;gt;&amp;gt;&lt;/em&gt;&lt;br /&gt;&lt;strong&gt;Observable&lt;/strong&gt;&lt;/p&gt;&lt;hr /&gt;&lt;hr /&gt;&lt;p style=&quot;margin: 0px; margin-left: 4px;&quot;&gt;+ addObserver(Observer):void&lt;br /&gt;+ removeObserver(Observer):void&lt;/p&gt;" style="verticalAlign=top;align=left;overflow=fill;fontSize=12;fontFamily=Helvetica;html=1;gradientColor=#FFCC99;shadow=1" vertex="1" parent="1"><mxGeometry x="505" y="450" width="200" height="100" as="geometry"/></mxCell><mxCell id="4" value="&lt;p style=&quot;margin: 0px; margin-top: 4px; text-align: center;&quot;&gt;&lt;strong&gt;MyArrayList&lt;br /&gt;&lt;/strong&gt;&lt;/p&gt;&lt;hr /&gt;&lt;p style=&quot;margin: 0px; margin-left: 4px;&quot;&gt;+ observers: List&lt;/p&gt;&lt;hr /&gt;&lt;p style=&quot;margin: 0px; margin-left: 4px;&quot;&gt;+ add(E):boolean&lt;/p&gt;&lt;p style=&quot;margin: 0px; margin-left: 4px;&quot;&gt;+ set (int,E):E&lt;/p&gt;&lt;p style=&quot;margin: 0px; margin-left: 4px;&quot;&gt;+ remove(int index):E&lt;/p&gt;&lt;p style=&quot;margin: 0px; margin-left: 4px;&quot;&gt;+addObserver(Observer):void&lt;/p&gt;&lt;p style=&quot;margin: 0px; margin-left: 4px;&quot;&gt;+removeObserver(Observer):void&lt;/p&gt;&lt;p style=&quot;margin: 0px; margin-left: 4px;&quot;&gt;&amp;nbsp;&lt;/p&gt;" style="verticalAlign=top;align=left;overflow=fill;fontSize=12;fontFamily=Helvetica;html=1;shadow=1;gradientColor=#FFFFCC" vertex="1" parent="1"><mxGeometry x="340" y="610" width="200" height="140" as="geometry"/></mxCell><mxCell id="5" value="&lt;p&gt;&lt;strong&gt;&amp;nbsp;&amp;nbsp;&amp;nbsp;&amp;nbsp;&amp;nbsp;&amp;nbsp;&amp;nbsp;&amp;nbsp;&amp;nbsp;&amp;nbsp;&amp;nbsp;&amp;nbsp;&amp;nbsp;&amp;nbsp;&amp;nbsp;&amp;nbsp; java.util.ArrayList&lt;/strong&gt;&lt;/p&gt;&lt;hr /&gt;&lt;p style=&quot;margin: 0px; margin-left: 4px;&quot;&gt;+ add(E):boolean&lt;/p&gt;&lt;p style=&quot;margin: 0px; margin-left: 4px;&quot;&gt;+ set (int,E):E&lt;/p&gt;&lt;p style=&quot;margin: 0px; margin-left: 4px;&quot;&gt;+ remove(int index):E&lt;/p&gt;&lt;p style=&quot;margin: 0px; margin-left: 4px;&quot;&gt;........&lt;/p&gt;&lt;p style=&quot;margin: 0px; margin-left: 4px;&quot;&gt;&amp;nbsp;&lt;/p&gt;" style="verticalAlign=top;align=left;overflow=fill;fontSize=12;fontFamily=Helvetica;html=1;shadow=1;gradientColor=#FFFFCC" vertex="1" parent="1"><mxGeometry x="190" y="430" width="220" height="120" as="geometry"/></mxCell><mxCell id="6" value="" style="edgeStyle=none;shadow=1" edge="1" parent="1" source="4" target="5"><mxGeometry width="100" height="100" relative="1" as="geometry"><mxPoint x="180" y="660" as="sourcePoint"/><mxPoint x="280" y="560" as="targetPoint"/></mxGeometry></mxCell><mxCell id="7" value="extends" style="text;spacingTop=-5;shadow=1" vertex="1" parent="1"><mxGeometry x="380" y="575" width="50" height="10" as="geometry"/></mxCell><mxCell id="10" value="implements" style="text;spacingTop=-5;shadow=1" vertex="1" parent="1"><mxGeometry x="550" y="580" width="70" height="10" as="geometry"/></mxCell><mxCell id="11" value="" style="edgeStyle=none;shadow=1" edge="1" parent="1" source="4" target="3"><mxGeometry width="100" height="100" relative="1" as="geometry"><mxPoint x="352.5" y="620" as="sourcePoint"/><mxPoint x="290" y="570" as="targetPoint"/></mxGeometry></mxCell><mxCell id="12" value="&lt;p style=&quot;margin: 0px; margin-top: 4px; text-align: center;&quot;&gt;&lt;em&gt;&amp;lt;&amp;lt;Interface&amp;gt;&amp;gt;&lt;/em&gt;&lt;br /&gt;&lt;strong&gt;ListEvent&lt;/strong&gt;&lt;/p&gt;&lt;hr /&gt;&lt;p style=&quot;margin: 0px; margin-left: 4px;&quot;&gt;+ getList(): MyArrayList&lt;br /&gt;+ getElement(): Object&lt;/p&gt;&lt;p style=&quot;margin: 0px; margin-left: 4px;&quot;&gt;+ getDuration(): long&lt;/p&gt;" style="verticalAlign=top;align=left;overflow=fill;fontSize=12;fontFamily=Helvetica;html=1;gradientColor=#FFCC99;shadow=1" vertex="1" parent="1"><mxGeometry x="340" y="800" width="170" height="100" as="geometry"/></mxCell><mxCell id="13" value="&lt;p style=&quot;margin: 0px; margin-top: 4px; text-align: center;&quot;&gt;&lt;strong&gt;AddEvent&lt;/strong&gt;&lt;/p&gt;&lt;hr /&gt;" style="verticalAlign=top;align=left;overflow=fill;fontSize=12;fontFamily=Helvetica;html=1;gradientColor=#FFFFCC;shadow=1" vertex="1" parent="1"><mxGeometry x="170" y="950" width="160" height="50" as="geometry"/></mxCell><mxCell id="14" value="&lt;p style=&quot;margin: 0px; margin-top: 4px; text-align: center;&quot;&gt;&lt;strong&gt;RemoveEvent&lt;/strong&gt;&lt;/p&gt;&lt;hr /&gt;" style="verticalAlign=top;align=left;overflow=fill;fontSize=12;fontFamily=Helvetica;html=1;gradientColor=#FFFFCC;shadow=1" vertex="1" parent="1"><mxGeometry x="360" y="950" width="160" height="50" as="geometry"/></mxCell><mxCell id="15" value="&lt;p style=&quot;margin: 0px; margin-top: 4px; text-align: center;&quot;&gt;&lt;strong&gt;SetEvent&lt;/strong&gt;&lt;/p&gt;&lt;hr /&gt;" style="verticalAlign=top;align=left;overflow=fill;fontSize=12;fontFamily=Helvetica;html=1;gradientColor=#FFFFCC;shadow=1" vertex="1" parent="1"><mxGeometry x="560" y="950" width="160" height="50" as="geometry"/></mxCell><mxCell id="16" value="" style="edgeStyle=none;shadow=1" edge="1" parent="1" source="13" target="12"><mxGeometry width="100" height="100" relative="1" as="geometry"><mxPoint x="275" y="950" as="sourcePoint"/><mxPoint x="330" y="890" as="targetPoint"/></mxGeometry></mxCell><mxCell id="17" value="" style="edgeStyle=none;shadow=1" edge="1" parent="1" source="14" target="12"><mxGeometry width="100" height="100" relative="1" as="geometry"><mxPoint x="295" y="960" as="sourcePoint"/><mxPoint x="365" y="910" as="targetPoint"/></mxGeometry></mxCell><mxCell id="18" value="" style="edgeStyle=none;shadow=1" edge="1" parent="1" source="15" target="12"><mxGeometry width="100" height="100" relative="1" as="geometry"><mxPoint x="447" y="960" as="sourcePoint"/><mxPoint x="441" y="910" as="targetPoint"/></mxGeometry></mxCell><mxCell id="19" value="implements" style="text;spacingTop=-5;shadow=1" vertex="1" parent="1"><mxGeometry x="570" y="915" width="70" height="10" as="geometry"/></mxCell><mxCell id="20" value="implements" style="text;spacingTop=-5;shadow=1" vertex="1" parent="1"><mxGeometry x="440" y="915" width="70" height="10" as="geometry"/></mxCell><mxCell id="21" value="implements" style="text;spacingTop=-5;shadow=1" vertex="1" parent="1"><mxGeometry x="330" y="915" width="70" height="10" as="geometry"/></mxCell><mxCell id="22" value="&lt;p style=&quot;margin: 0px; margin-top: 4px; text-align: center;&quot;&gt;&lt;em&gt;&amp;lt;&amp;lt;Interface&amp;gt;&amp;gt;&lt;/em&gt;&lt;br /&gt;&lt;strong&gt;ListObserver&lt;/strong&gt;&lt;/p&gt;&lt;hr /&gt;&lt;p style=&quot;margin: 0px; margin-left: 4px;&quot;&gt;+ notifyEvent(ListEvent e)&lt;/p&gt;" style="verticalAlign=top;align=left;overflow=fill;fontSize=12;fontFamily=Helvetica;html=1;gradientColor=#FFCC99;shadow=1" vertex="1" parent="1"><mxGeometry x="775" y="610" width="165" height="80" as="geometry"/></mxCell><mxCell id="23" value="&lt;p style=&quot;margin: 0px; margin-top: 4px; text-align: center;&quot;&gt;&lt;strong&gt;PrintListObserver&lt;/strong&gt;&lt;/p&gt;&lt;hr /&gt;&lt;p style=&quot;margin: 0px; margin-left: 4px;&quot;&gt;+ notifyEvent(ListEvent e)&lt;/p&gt;" style="verticalAlign=top;align=left;overflow=fill;fontSize=12;fontFamily=Helvetica;html=1;gradientColor=#FFFFCC;shadow=1" vertex="1" parent="1"><mxGeometry x="670" y="730" width="165" height="80" as="geometry"/></mxCell><mxCell id="26" value="&lt;p style=&quot;margin: 0px; margin-top: 4px; text-align: center;&quot;&gt;&lt;strong&gt;DurationObserver&lt;/strong&gt;&lt;/p&gt;&lt;hr /&gt;&lt;p style=&quot;margin: 0px; margin-left: 4px;&quot;&gt;+ longEvents: List&amp;lt;ListEvent&amp;gt;&lt;/p&gt;&lt;hr /&gt;&lt;p style=&quot;margin: 0px; margin-left: 4px;&quot;&gt;+ notifyEvent(ListEvent e)&lt;/p&gt;" style="verticalAlign=top;align=left;overflow=fill;fontSize=12;fontFamily=Helvetica;html=1;gradientColor=#FFFFCC;shadow=1" vertex="1" parent="1"><mxGeometry x="922.5" y="730" width="175" height="90" as="geometry"/></mxCell><mxCell id="27" value="" style="edgeStyle=none;shadow=1" edge="1" parent="1" source="23" target="22"><mxGeometry width="100" height="100" relative="1" as="geometry"><mxPoint x="954.1666666666667" y="1020" as="sourcePoint"/><mxPoint x="1009.1666666666667" y="960" as="targetPoint"/></mxGeometry></mxCell><mxCell id="28" value="" style="edgeStyle=none;shadow=1" edge="1" parent="1" source="26" target="22"><mxGeometry width="100" height="100" relative="1" as="geometry"><mxPoint x="964.1666666666667" y="1030" as="sourcePoint"/><mxPoint x="1019.1666666666667" y="970" as="targetPoint"/></mxGeometry></mxCell><mxCell id="29" value="implements" style="text;spacingTop=-5;shadow=1" vertex="1" parent="1"><mxGeometry x="945" y="700" width="70" height="10" as="geometry"/></mxCell><mxCell id="30" value="implements" style="text;spacingTop=-5;shadow=1" vertex="1" parent="1"><mxGeometry x="717.5" y="700" width="70" height="10" as="geometry"/></mxCell><mxCell id="41" value="0..n" style="endArrow=open;endSize=12;startArrow=diamondThin;startSize=14;startFill=0;edgeStyle=orthogonalEdgeStyle;align=left;verticalAlign=bottom;entryX=0;entryY=0.5;fontSize=12;shadow=1" edge="1" parent="1" target="22"><mxGeometry x="-1" relative="1" as="geometry"><mxPoint x="540" y="650" as="sourcePoint"/><mxPoint x="700" y="650" as="targetPoint"/></mxGeometry></mxCell></root></mxGraphModel>