<mxGraphModel dx="800" dy="800" grid="1" guides="1" tooltips="1" connect="1" fold="1" page="1" pageScale="1" pageWidth="826" pageHeight="1169" style="default-style2"><root><mxCell id="0"/><mxCell id="1" parent="0"/><mxCell id="31" value="MyArrayList" style="rounded=1;whiteSpace=wrap;shadow=1;gradientColor=#FFFFCC" parent="1" vertex="1"><mxGeometry x="280" y="670" width="120" height="60" as="geometry"/></mxCell><mxCell id="32" value="PrintListObserver" style="rounded=1;whiteSpace=wrap;shadow=1;gradientColor=#FFFFCC" parent="1" vertex="1"><mxGeometry x="545" y="670" width="120" height="60" as="geometry"/></mxCell><mxCell id="33" value="" style="edgeStyle=none;shadow=1" parent="1" source="31" target="32" edge="1"><mxGeometry width="100" height="100" relative="1" as="geometry"><mxPoint x="514.1666666666667" y="210" as="sourcePoint"/><mxPoint x="569.1666666666667" y="150" as="targetPoint"/></mxGeometry></mxCell><mxCell id="34" value="notifyEvent(AddtEvent)" style="text;spacingTop=-5;shadow=1" parent="1" vertex="1"><mxGeometry x="410" y="680" width="70" height="10" as="geometry"/></mxCell><mxCell id="35" value="Test" style="rounded=1;whiteSpace=wrap;shadow=1;gradientColor=#E5CCFF" parent="1" vertex="1"><mxGeometry x="80" y="670" width="120" height="60" as="geometry"/></mxCell><mxCell id="36" value="" style="edgeStyle=none;shadow=1" parent="1" source="35" target="31" edge="1"><mxGeometry width="100" height="100" relative="1" as="geometry"><mxPoint x="370" y="710" as="sourcePoint"/><mxPoint x="515" y="710" as="targetPoint"/></mxGeometry></mxCell><mxCell id="37" value="add(...)" style="text;spacingTop=-5;shadow=1" parent="1" vertex="1"><mxGeometry x="220" y="680" width="40" height="10" as="geometry"/></mxCell><mxCell id="38" value="" style="edgeStyle=none;exitX=1;exitY=0.5;shadow=1" parent="1" source="32" target="39" edge="1"><mxGeometry width="100" height="100" relative="1" as="geometry"><mxPoint x="752" y="730.5813953488373" as="sourcePoint"/><mxPoint x="730" y="700" as="targetPoint"/></mxGeometry></mxCell><mxCell id="39" value="stdout" style="rounded=1;whiteSpace=wrap;shadow=1;gradientColor=#E6E6E6" parent="1" vertex="1"><mxGeometry x="750" y="670" width="120" height="60" as="geometry"/></mxCell><mxCell id="40" value="print event" style="text;spacingTop=-5;shadow=1" parent="1" vertex="1"><mxGeometry x="670" y="680" width="70" height="10" as="geometry"/></mxCell></root></mxGraphModel>